method,sequence_identity,sequence_similarity,interface_sequence_identity,interface_sequence_similarity
woc,0.4745762711864407,0.711864406779661,0.2857142857142857,0.5238095238095238
wc,0.4915254237288136,0.7203389830508474,0.5238095238095238,0.7142857142857143
esm,0.5084745762711864,0.6694915254237288,0.42857142857142855,0.7142857142857143
mpnn,0.3983050847457627,0.6101694915254238,0.23809523809523808,0.6190476190476191
