{"recovery_rate_without_context": 0.3333333333333333, "recovery_rate_with_context": 0.3333333333333333, "maximum_recovery_rate_without_context": 1.0, "maximum_recovery_rate_with_context": 0.6666666666666666}