{"recovery_rate_without_context": 0.2222222222222222, "recovery_rate_with_context": 0.4444444444444444, "maximum_recovery_rate_without_context": 0.7222222222222222, "maximum_recovery_rate_with_context": 0.7777777777777778}