{"recovery_rate_without_context": 0.2857142857142857, "recovery_rate_with_context": 0.5238095238095238, "maximum_recovery_rate_without_context": 0.8095238095238095, "maximum_recovery_rate_with_context": 0.9047619047619048}